{
  "total_observations": 1184,
  "vectors": {
    "change": {
      "count": 66,
      "mean": 0.8087921255024905,
      "std": 0.07323051016357193,
      "bias": 0.30879212550249047,
      "total_evidence": 941,
      "avg_variance": 0.016618586281043644
    },
    "clarity": {
      "count": 73,
      "mean": 0.8731406076650313,
      "std": 0.03092006181656313,
      "bias": 0.3731406076650313,
      "total_evidence": 1193,
      "avg_variance": 0.0152892579355826
    },
    "coherence": {
      "count": 57,
      "mean": 0.854240712424918,
      "std": 0.03159168740203909,
      "bias": 0.35424071242491795,
      "total_evidence": 689,
      "avg_variance": 0.018681942422401364
    },
    "completion": {
      "count": 85,
      "mean": 0.8211278352769836,
      "std": 0.06364733787139751,
      "bias": 0.32112783527698363,
      "total_evidence": 1739,
      "avg_variance": 0.013440105949959627
    },
    "context": {
      "count": 150,
      "mean": 0.8446526530075371,
      "std": 0.03524063955543636,
      "bias": 0.3446526530075371,
      "total_evidence": 6970,
      "avg_variance": 0.009098261712706638
    },
    "density": {
      "count": 61,
      "mean": 0.698882922329256,
      "std": 0.15373221344052843,
      "bias": 0.19888292232925597,
      "total_evidence": 791,
      "avg_variance": 0.01771055082673781
    },
    "do": {
      "count": 69,
      "mean": 0.85470815342681,
      "std": 0.037670748612429264,
      "bias": 0.35470815342680995,
      "total_evidence": 1043,
      "avg_variance": 0.016022500609075025
    },
    "engagement": {
      "count": 106,
      "mean": 0.8657207465614722,
      "std": 0.02459104436682286,
      "bias": 0.36572074656147224,
      "total_evidence": 3581,
      "avg_variance": 0.010818664114985305
    },
    "impact": {
      "count": 71,
      "mean": 0.811774856789669,
      "std": 0.026585232434130187,
      "bias": 0.311774856789669,
      "total_evidence": 1116,
      "avg_variance": 0.015647515374153143
    },
    "know": {
      "count": 162,
      "mean": 0.8298922335586694,
      "std": 0.04783747230064544,
      "bias": 0.32989223355866937,
      "total_evidence": 7811,
      "avg_variance": 0.00959509815376968
    },
    "signal": {
      "count": 62,
      "mean": 0.8419911719762883,
      "std": 0.05485687394190275,
      "bias": 0.34199117197628826,
      "total_evidence": 819,
      "avg_variance": 0.017481689148251125
    },
    "state": {
      "count": 60,
      "mean": 0.8466590328130117,
      "std": 0.03471322489464154,
      "bias": 0.3466590328130117,
      "total_evidence": 764,
      "avg_variance": 0.017944899423241834
    },
    "uncertainty": {
      "count": 162,
      "mean": 0.18876754630365475,
      "std": 0.05346725974837946,
      "bias": -0.3112324536963452,
      "total_evidence": 7811,
      "avg_variance": 0.00959509815376968
    }
  },
  "underestimates": {
    "change": 0.30879212550249047,
    "clarity": 0.3731406076650313,
    "coherence": 0.35424071242491795,
    "completion": 0.32112783527698363,
    "context": 0.3446526530075371,
    "density": 0.19888292232925597,
    "do": 0.35470815342680995,
    "engagement": 0.36572074656147224,
    "impact": 0.311774856789669,
    "know": 0.32989223355866937,
    "signal": 0.34199117197628826,
    "state": 0.3466590328130117
  },
  "overestimates": {
    "uncertainty": -0.3112324536963452
  },
  "well_calibrated": {},
  "aggregate": {
    "mean_absolute_bias": 0.32790888500219095,
    "max_positive_bias": 0.3731406076650313,
    "max_negative_bias": -0.3112324536963452
  }
}