evidence_midpoint,avg_variance,n_beliefs,avg_correction
5,0.036583,522,0.1377
15,0.007224,324,0.1634
25,0.004102,239,0.1889
40,0.002614,235,0.1673
62,0.001656,153,0.1867
87,0.001161,109,0.1399
125,0.000823,168,0.1366
175,0.000586,126,0.1249
